{"cameraMode":{"drawMode":0,"name":"Shaded","section":"Shading Mode"},"sceneLighting":true,"audioPlay":false,"sceneViewState":{"m_AlwaysRefresh":false,"showFog":true,"showSkybox":true,"showFlares":true,"showImageEffects":true,"showParticleSystems":true,"showVisualEffectGraphs":true,"m_FxEnabled":true},"in2DMode":false,"pivot":{"x":629.1493530273438,"y":197.1523895263672,"z":-94.88031005859375},"rotation":{"x":-0.05278461426496506,"y":0.005089935380965471,"z":-0.0002693675342015922,"w":-0.9985960125923157},"size":278.5142822265625,"orthographic":false}